Timestamp,Angle,Velocity_reconstructed,Phase_deg,Stage
558553,-0.998,5.56,-14.618,2
558576,-0.86,4.246,-15.598,2
558599,-0.743,2.942,-16.558,2
558622,-0.663,1.69,-17.467,2
558645,-0.627,0.571,-18.271,2
558668,-0.632,-0.306,-18.901,2
558691,-0.666,-0.846,-19.289,2
558714,-0.713,-0.999,-19.4,2
558737,-0.753,-0.793,-19.253,2
558760,-0.775,-0.336,-18.923,2
558783,-0.771,0.208,-18.53,2
558806,-0.745,0.659,-18.204,2
558829,-0.708,0.871,-18.053,2
558852,-0.672,0.767,-18.129,2
558875,-0.651,0.356,-18.426,2
558898,-0.653,-0.279,-18.881,2
558921,-0.68,-1.0,-19.4,2
558944,-0.727,-1.656,-19.874,2
558967,-0.784,-2.11,-20.206,2
558990,-0.839,-2.261,-20.319,2
559013,-0.884,-2.047,-20.167,2
559036,-0.912,-1.446,-19.731,2
559059,-0.92,-0.473,-19.023,2
559082,-0.906,0.82,-18.082,2
559105,-0.87,2.323,-16.991,2
559128,-0.81,3.859,-15.887,2
559151,-0.727,5.17,-14.958,2
559174,-0.62,5.928,-14.439,2
559197,-0.499,5.776,-14.574,2
559220,-0.378,4.403,-15.569,2
559243,-0.287,1.628,-17.537,2
559266,-0.261,-2.508,-20.451,2
559289,-0.339,-7.688,-24.106,2
559313,-0.554,-13.319,-28.122,2
559337,-0.919,-18.591,-31.988,2
559360,-1.421,-22.609,-35.137,2
559384,-2.016,-24.554,-37.014,2
559408,-2.636,-23.856,-37.115,2
559431,-3.206,-20.325,-35.032,2
559454,-3.649,-14.223,-30.571,2
559477,-3.909,-6.244,-24.02,2
559500,-3.953,2.591,-16.396,2
559523,-3.777,11.101,-9.223,2
559547,-3.405,18.151,-3.802,2
559570,-2.885,22.848,-0.731,2
559593,-2.285,24.695,0.0,3
559616,-1.68,23.665,-1.288,2
559639,-1.142,20.188,-4.13,2
559662,-0.725,15.049,-7.962,2
559686,-0.459,9.223,-12.154,2
559709,-0.344,3.677,-16.086,2
559732,-0.356,-0.801,-19.251,2
559755,-0.452,-3.74,-21.341,2
559778,-0.583,-5.027,-22.277,2
559802,-0.708,-4.881,-22.193,2
559825,-0.797,-3.755,-21.396,2
559848,-0.84,-2.202,-20.276,2
559872,-0.841,-0.735,-19.212,2
559896,-0.818,0.278,-18.478,2
559920,-0.789,0.675,-18.191,2
559943,-0.772,0.494,-18.323,2
559966,-0.778,-0.073,-18.733,2
559989,-0.806,-0.76,-19.23,2
560012,-0.852,-1.309,-19.629,2
560035,-0.902,-1.542,-19.801,2
560058,-0.945,-1.39,-19.692,2
560081,-0.972,-0.9,-19.335,2
560104,-0.977,-0.2,-18.824,2
560127,-0.961,0.544,-18.281,2
560151,-0.929,1.177,-17.821,2
560174,-0.887,1.593,-17.52,2
560197,-0.843,1.758,-17.404,2
560220,-0.802,1.702,-17.448,2
560244,-0.768,1.507,-17.591,2
560267,-0.741,1.276,-17.759,2
560290,-0.72,1.101,-17.887,2
560313,-0.701,1.041,-17.931,2
560336,-0.68,1.109,-17.883,2
560359,-0.655,1.273,-17.766,2
560387,-0.623,1.473,-17.625,2
560410,-0.584,1.637,-17.51,2
560433,-0.539,1.716,-17.457,2
560456,-0.492,1.698,-17.473,2
560479,-0.444,1.621,-17.531,2
560502,-0.398,1.566,-17.574,2
560525,-0.356,1.63,-17.531,2
560548,-0.318,1.891,-17.349,2
560571,-0.279,2.366,-17.018,2
560595,-0.234,2.975,-16.594,2
560618,-0.179,3.535,-16.209,2
560642,-0.109,3.776,-16.05,2
560666,-0.029,3.4,-16.323,2
560689,0.049,2.155,-17.195,2
560712,0.103,-0.08,-18.744,2
560736,0.105,-3.235,-20.924,2
560759,0.026,-7.026,-23.555,2
560782,-0.156,-11.003,-26.351,2
560805,-0.451,-14.639,-28.986,2
560828,-0.848,-17.467,-31.165,2
560851,-1.321,-19.209,-32.695,2
560874,-1.833,-19.872,-33.545,2
560897,-2.344,-19.755,-33.864,2
560920,-2.825,-19.373,-33.976,2
560943,-3.263,-19.295,-34.292,2
560966,-3.667,-19.939,-35.161,2
560989,-4.064,-21.392,-36.7,2
561012,-4.487,-23.309,-38.689,2
561035,-4.965,-24.942,-40.584,2
561058,-5.509,-25.325,-41.632,2
561081,-6.099,-23.575,-41.008,2
561104,-6.687,-19.231,-37.936,2
561127,-7.199,-12.553,-31.977,2
561150,-7.555,-4.637,-23.737,2
561173,-7.695,2.687,-15.533,2
561196,-7.608,7.22,-10.528,2
561219,-7.348,6.935,-11.004,2
561242,-7.052,0.571,-17.969,2
561265,-6.911,-11.895,-31.033,2
561288,-7.137,-29.057,-47.376,2
561311,-7.9,-48.263,-62.779,2
561334,-9.268,-66.154,-75.005,2
561357,-11.171,-79.42,-84.193,2
561380,-13.404,-85.577,-91.209,1
561403,-15.675,-83.527,-96.803,1
561426,-17.687,-73.732,-101.498,1
561449,-19.217,-57.967,-105.693,1
561472,-20.16,-38.737,-109.888,1
561495,-20.539,-18.56,-115.864,1
561519,-20.463,0.646,135.363,4
561542,-20.065,17.882,72.007,3
561565,-19.453,33.015,67.267,3
561588,-18.671,46.402,64.442,3
561611,-17.701,58.361,61.951,3
561634,-16.488,68.706,59.276,3
561657,-14.986,76.532,56.066,3
561680,-13.206,80.336,51.967,3
561703,-11.245,78.449,46.497,3
561726,-9.289,69.631,38.847,3
561749,-7.581,53.63,27.604,3
561772,-6.37,31.503,10.617,3
561795,-5.844,5.578,-13.149,2
561819,-6.081,-20.933,-38.681,2
561842,-7.029,-44.576,-58.527,2
561865,-8.52,-62.365,-71.572,2
561888,-10.31,-72.36,-79.894,2
561911,-12.141,-73.96,-85.155,2
561934,-13.794,-67.884,-88.165,2
561957,-15.125,-55.851,-89.014,2
561980,-16.077,-40.117,-86.804,2
562003,-16.661,-22.999,-77.694,2
562026,-16.925,-6.521,-45.118,2
562049,-16.924,7.77,13.558,3
562072,-16.698,18.826,35.676,3
562095,-16.278,26.022,40.884,3
562118,-15.703,29.078,40.032,3
562141,-15.035,28.01,35.251,3
562164,-14.367,23.156,26.398,3
562187,-13.811,15.211,12.395,3
562210,-13.473,5.233,-7.295,2
562233,-13.427,-5.43,-29.646,2
562256,-13.689,-15.317,-48.921,2
562279,-14.218,-23.093,-62.643,2
562303,-14.925,-27.788,-71.642,2
562326,-15.692,-28.976,-77.151,2
562349,-16.41,-26.829,-79.771,2
562372,-16.995,-22.029,-79.241,2
562400,-17.402,-15.566,-73.894,2
562423,-17.627,-8.493,-58.933,2
562446,-17.694,-1.689,-27.314,2
562469,-17.635,4.301,6.32,3
562492,-17.477,9.317,23.86,3
562515,-17.234,13.552,31.65,3
562538,-16.902,17.433,35.353,3
562561,-16.469,21.471,37.35,3
562584,-15.92,26.104,38.619,3
562607,-15.242,31.554,39.497,3
562630,-14.433,37.718,40.001,3
562653,-13.497,44.103,39.997,3
562676,-12.449,49.824,39.275,3
562699,-11.311,53.691,37.557,3
562722,-10.122,54.379,34.439,3
562745,-8.937,50.704,29.311,3
562768,-7.838,41.953,21.234,3
562791,-6.932,28.21,8.994,3
562814,-6.334,10.574,-7.974,2
562837,-6.147,-8.808,-27.377,2
562860,-6.426,-26.991,-44.404,2
562883,-7.159,-40.741,-56.281,2
562906,-8.251,-47.262,-63.019,2
562929,-9.531,-44.961,-64.883,2
562953,-10.766,-34.063,-60.481,2
562976,-11.708,-16.86,-44.766,2
562999,-12.144,2.542,-13.899,2
563022,-11.966,19.003,11.337,3
563045,-11.235,27.526,18.708,3
563069,-10.2,24.555,12.708,3
563092,-9.262,9.039,-6.99,2
563115,-8.868,-17.073,-38.987,2
563138,-9.378,-49.09,-66.994,2
563161,-10.94,-80.6,-83.953,2
563184,-13.442,-105.003,-94.414,1
563207,-16.535,-117.157,-101.922,1
563230,-19.744,-114.69,-108.362,1
563253,-22.592,-98.62,-115.094,1
563276,-24.72,-73.11,-123.854,1
563299,-25.962,-44.431,-138.002,1
563322,-26.367,-19.421,-162.801,1
563345,-26.183,-3.844,169.068,4
563368,-25.785,-1.059,162.982,4
563391,-25.592,-11.337,-173.276,1
563414,-25.956,-31.94,-146.695,1
563437,-27.082,-57.914,-135.76,1
563460,-28.981,-83.341,-132.917,1
563483,-31.483,-102.716,-133.695,1
563506,-34.296,-112.099,-136.682,1
563529,-37.086,-109.802,-141.636,1
563552,-39.551,-96.474,-148.849,1
563575,-41.474,-74.659,-158.852,1
563598,-42.737,-47.989,-171.912,1
563621,-43.323,-20.261,172.854,4
563644,-43.294,5.374,157.747,4
563667,-42.764,26.91,144.961,4
563690,-41.867,43.611,135.159,4
563713,-40.723,55.781,127.848,4
563737,-39.421,64.282,122.24,4
563760,-38.004,69.997,117.686,4
563784,-36.486,73.385,113.818,4
563807,-34.874,74.278,110.558,4
563830,-33.198,71.972,108.105,4
563853,-31.532,65.562,106.955,4
563876,-29.995,54.418,108.116,4
563899,-28.736,38.634,113.911,4
563922,-27.9,19.302,130.11,4
563945,-27.593,-1.481,163.309,4
563968,-27.847,-20.913,-166.367,1
563991,-28.603,-36.011,-153.683,1
564014,-29.711,-44.243,-151.217,1
564037,-30.95,-44.088,-154.754,1
564060,-32.068,-35.393,-163.679,1
564083,-32.826,-19.416,-178.995,1
564106,-33.047,1.449,159.274,4
564129,-32.649,24.182,135.991,4
564153,-31.656,45.756,117.352,4
564176,-30.181,63.694,104.393,4
564199,-28.396,76.432,95.409,4
564222,-26.481,83.411,88.831,3
564245,-24.588,84.927,83.641,3
564268,-22.811,81.816,79.16,3
564291,-21.184,75.122,74.83,3
564314,-19.702,65.872,70.063,3
564337,-18.346,55.025,64.102,3
564360,-17.111,43.58,55.944,3
564383,-16.016,32.756,44.703,3
564411,-15.093,24.086,31.439,3
564434,-14.366,19.323,21.3,3
564457,-13.815,20.1,19.77,3
564480,-13.36,27.371,26.42,3
564503,-12.847,40.826,35.476,3
564527,-12.083,58.454,42.067,3
564550,-10.883,76.526,45.049,3
564573,-9.148,90.088,44.786,3
564596,-6.941,93.979,41.391,3
564619,-4.52,84.129,34.033,3
564642,-2.317,58.822,20.155,3
564665,-0.846,19.502,-4.816,2
564688,-0.569,-29.142,-38.699,2
564711,-1.753,-79.935,-65.526,2
564734,-4.377,-124.673,-81.514,2
564757,-8.123,-155.917,-91.425,1
564780,-12.457,-168.658,-98.424,1
564803,-16.76,-161.43,-104.151,1
564826,-20.477,-136.578,-109.715,1
564849,-23.217,-99.654,-116.494,1
564872,-24.819,-58.101,-127.857,1
564895,-25.343,-19.607,-157.639,1
564918,-25.04,9.478,135.972,4
564941,-24.278,25.284,105.737,4
564964,-23.458,26.922,98.794,4
564988,-22.926,16.284,107.213,4
565011,-22.91,-2.707,172.535,4
565035,-23.481,-25.157,-138.889,1
565059,-24.572,-46.276,-131.18,1
565082,-26.022,-62.229,-130.734,1
565105,-27.642,-70.626,-133.018,1
565128,-29.255,-70.615,-137.371,1
565151,-30.715,-62.659,-144.197,1
565174,-31.905,-48.135,-154.616,1
565197,-32.727,-28.899,-170.28,1
565220,-33.107,-6.918,168.117,4
565243,-33.002,15.957,144.267,4
565266,-32.404,38.096,124.238,4
565289,-31.336,58.097,109.803,4
565312,-29.842,74.77,99.522,4
565336,-27.989,87.136,91.77,4
565359,-25.865,94.486,85.439,3
565382,-23.584,96.475,79.808,3
565405,-21.282,93.233,74.36,3
565428,-19.103,85.425,68.657,3
565452,-17.177,74.22,62.249,3
565475,-15.59,61.14,54.639,3
565498,-14.371,47.838,45.383,3
565521,-13.491,35.831,34.515,3
565544,-12.875,26.268,23.239,3
565567,-12.425,19.79,13.86,3
565590,-12.045,16.509,8.237,3
565613,-11.655,16.096,6.583,3
565636,-11.209,17.948,7.828,3
565659,-10.685,21.365,10.535,3
565682,-10.084,25.674,13.539,3
565705,-9.415,30.282,16.132,3
565728,-8.686,34.633,17.942,3
565751,-7.904,38.132,18.732,3
565774,-7.076,40.066,18.259,3
565797,-6.221,39.6,16.195,3
565820,-5.38,35.876,12.082,3
565843,-4.623,28.209,5.322,3
565866,-4.044,16.351,-4.69,2
565889,-3.749,0.738,-18.012,2
565912,-3.83,-17.366,-33.261,2
565935,-4.344,-35.895,-47.777,2
565958,-5.296,-52.227,-59.483,2
565981,-6.624,-63.636,-67.855,2
566004,-8.209,-67.875,-73.17,2
566027,-9.877,-63.761,-75.571,2
566050,-11.425,-51.631,-74.35,2
566073,-12.646,-33.505,-66.514,2
566096,-13.369,-12.865,-43.613,2
566119,-13.511,5.963,-5.737,2
566142,-13.115,18.733,14.949,3
566165,-12.367,22.302,16.796,3
566188,-11.566,15.512,5.554,3
566211,-11.046,-0.333,-18.964,2
566234,-11.079,-21.566,-48.953,2
566257,-11.79,-42.843,-70.403,2
566280,-13.114,-58.319,-82.83,2
566303,-14.814,-63.026,-90.079,1
566326,-16.537,-54.135,-94.05,1
566349,-17.89,-31.791,-93.472,1
566372,-18.519,0.713,-9.607,2
566395,-18.185,37.493,59.934,3
566423,-16.821,71.261,60.747,3
566446,-14.571,94.913,57.894,3
566469,-11.783,103.151,52.99,3
566492,-8.956,93.75,45.288,3
566515,-6.63,68.135,32.268,3
566538,-5.259,31.105,8.438,3
566561,-5.097,-10.251,-28.103,2
566585,-6.134,-48.179,-58.85,2
566608,-8.102,-75.992,-75.952,2
566631,-10.552,-89.492,-85.305,2
566654,-12.98,-87.704,-90.575,1
566677,-14.952,-72.803,-92.882,1
566700,-16.205,-49.29,-91.193,1
566723,-16.687,-22.715,-77.578,2
566746,-16.528,1.688,-11.041,2
566769,-15.96,20.084,31.86,3
566792,-15.233,30.607,38.668,3
566815,-14.54,33.372,37.357,3
566838,-13.985,30.009,31.829,3
566861,-13.589,22.968,22.469,3
566884,-13.32,14.809,9.85,3
566907,-13.131,7.67,-3.191,2
566930,-12.982,2.992,-12.425,2
566953,-12.847,1.473,-15.477,2
566976,-12.704,3.191,-12.295,2
566999,-12.525,7.778,-4.22,2
567022,-12.27,14.575,6.12,3
567045,-11.887,22.74,15.668,3
567068,-11.33,31.31,22.6,3
567091,-10.571,39.265,26.619,3
567114,-9.612,45.613,28.106,3
567137,-8.493,49.51,27.512,3
567160,-7.287,50.403,25.164,3
567183,-6.079,48.153,21.285,3
567206,-4.957,43.094,16.093,3
567229,-3.995,35.994,9.923,3
567252,-3.238,27.915,3.318,3
567275,-2.704,19.988,-3.012,2
567298,-2.378,13.156,-8.402,2
567321,-2.221,7.951,-12.473,2
567344,-2.176,4.373,-15.258,2
567367,-2.185,1.91,-17.174,2
567390,-2.204,-0.28,-18.882,2
567413,-2.215,-3.072,-21.063,2
567436,-2.236,-7.029,-24.148,2
567459,-2.312,-12.118,-28.105,2
567482,-2.502,-17.597,-32.383,2
567505,-2.853,-22.12,-36.054,2
567528,-3.376,-24.09,-38.043,2
567552,-4.022,-22.16,-37.26,2
567575,-4.679,-15.769,-32.664,2
567598,-5.188,-5.528,-23.795,2
567621,-5.387,6.692,-12.279,2
567644,-5.174,18.028,-2.203,2
567667,-4.568,25.235,2.976,3
567690,-3.729,25.474,2.125,3
567713,-2.929,17.074,-5.028,2
567737,-2.478,0.056,-18.616,2
567760,-2.632,-23.739,-37.026,2
567783,-3.524,-50.941,-55.606,2
567807,-5.141,-77.306,-70.395,2
567830,-7.342,-98.551,-80.921,2
567853,-9.912,-111.21,-88.339,2
567876,-12.614,-113.318,-93.814,1
567899,-15.224,-104.811,-98.223,1
567922,-17.547,-87.568,-102.285,1
567945,-19.427,-65.089,-106.808,1
567968,-20.754,-41.859,-113.18,1
567991,-21.497,-22.473,-124.461,1
568014,-21.73,-10.684,-143.373,1
568037,-21.65,-8.566,-148.339,1
568060,-21.556,-15.981,-131.153,1
568083,-21.775,-30.539,-122.502,1
568106,-22.56,-48.093,-121.347,1
568129,-23.994,-63.704,-123.451,1
568153,-25.947,-72.829,-127.565,1
568176,-28.104,-72.444,-133.736,1
568199,-30.071,-61.766,-142.923,1
568222,-31.491,-42.38,-157.266,1
568245,-32.146,-17.744,-179.663,1
568268,-32.003,7.779,151.867,4
568291,-31.194,30.066,127.795,4
568314,-29.954,46.212,112.56,4
568337,-28.545,55.095,103.589,4
568360,-27.177,57.385,98.29,4
568383,-25.974,55.067,95.117,4
568406,-24.956,50.657,92.988,4
568434,-24.066,46.387,90.891,4
568457,-23.204,43.598,87.889,3
568480,-22.278,42.513,83.514,3
568503,-21.24,42.407,77.963,3
568527,-20.104,42.074,71.715,3
568550,-18.942,40.402,65.018,3
568573,-17.857,36.864,57.761,3
568596,-16.944,31.765,49.676,3
568619,-16.254,26.179,40.87,3
568642,-15.777,21.617,32.653,3
568665,-15.442,19.517,27.632,3
568688,-15.138,20.731,27.488,3
568711,-14.748,25.158,30.733,3
568734,-14.181,31.619,34.191,3
568757,-13.402,38.023,35.753,3
568780,-12.444,41.792,34.612,3
568803,-11.406,40.445,30.106,3
568826,-10.443,32.216,20.644,3
568849,-9.742,16.558,2.835,3
568872,-9.482,-5.561,-25.827,2
568895,-9.807,-31.674,-55.655,2
568918,-10.788,-58.137,-75.611,2
568941,-12.401,-80.729,-87.615,2
568964,-14.521,-95.419,-95.536,1
568987,-16.93,-99.169,-101.598,1
569010,-19.338,-90.587,-107.161,1
569033,-21.427,-70.311,-113.697,1
569056,-22.903,-40.984,-125.287,1
569079,-23.552,-6.818,-174.849,1
569102,-23.286,27.186,97.396,4
569125,-22.161,56.227,80.088,3
569148,-20.359,76.664,72.228,3
569171,-18.155,86.721,66.129,3
569194,-15.858,86.769,60.028,3
569218,-13.755,79.079,53.153,3
569241,-12.052,67.117,45.198,3
569264,-10.826,54.542,36.527,3
569287,-10.019,44.179,28.342,3
569310,-9.456,37.251,21.934,3
569333,-8.928,33.087,17.295,3
569356,-8.286,29.411,12.71,3
569379,-7.519,23.123,5.581,3
569402,-6.778,11.355,-6.83,2
569425,-6.336,-7.522,-26.21,2
569448,-6.49,-33.234,-49.501,2
569471,-7.462,-63.475,-69.61,2
569494,-9.333,-94.339,-83.833,2
569517,-12.024,-121.195,-93.676,1
569540,-15.318,-139.733,-101.008,1
569563,-18.909,-146.927,-107.131,1
569586,-22.46,-141.666,-112.991,1
569609,-25.657,-124.937,-119.486,1
569632,-28.255,-99.538,-127.816,1
569655,-30.114,-69.44,-139.978,1
569678,-31.208,-38.968,-158.953,1
569701,-31.615,-11.995,174.859,4
569724,-31.495,8.678,150.413,4
569747,-31.042,21.657,135.393,4
569770,-30.449,26.964,128.813,4
569793,-29.872,25.79,128.483,4
569816,-29.415,20.07,133.455,4
569839,-29.124,12.013,143.023,4
569862,-29.002,3.679,155.027,4
569885,-29.024,-3.31,165.768,4
569908,-29.149,-7.926,172.57,4
569931,-29.331,-9.751,174.942,4
569954,-29.524,-8.899,173.492,4
569977,-29.686,-5.888,169.106,4
570000,-29.783,-1.493,162.837,4
570023,-29.787,3.407,155.896,4
570046,-29.685,7.977,149.434,4
570070,-29.475,11.576,144.237,4
570093,-29.171,13.881,140.589,4
570116,-28.798,14.999,138.279,4
570139,-28.382,15.499,136.58,4
570162,-27.943,16.353,134.196,4
570185,-27.485,18.762,129.45,4
570208,-26.987,23.866,121.158,4
570231,-26.397,32.405,110.031,4
570254,-25.634,44.382,98.609,4
570277,-24.601,58.857,88.912,3
570300,-23.207,73.939,81.229,3
570323,-21.407,87.028,74.926,3
570347,-19.23,95.302,69.222,3
570371,-16.807,96.33,63.367,3
570394,-14.364,88.697,56.491,3
570417,-12.176,72.449,47.21,3
570445,-10.507,49.235,32.806,3
570469,-9.54,22.087,8.542,3
570492,-9.336,-5.131,-25.181,2
570515,-9.829,-28.486,-52.818,2
570538,-10.851,-44.774,-68.605,2
570561,-12.181,-52.2,-77.061,2
570584,-13.582,-50.751,-81.23,2
570607,-14.832,-42.185,-81.946,2
570630,-15.753,-29.606,-78.065,2
570653,-16.247,-16.721,-65.644,2
570676,-16.323,-6.939,-42.611,2
570699,-16.114,-2.548,-26.941,2
570722,-15.849,-4.182,-31.733,2
570745,-15.783,-10.753,-49.968,2
570768,-16.106,-19.86,-69.555,2
570791,-16.863,-28.584,-84.352,2
570814,-17.947,-34.41,-94.979,1
570837,-19.138,-36.001,-103.222,1
570860,-20.197,-33.584,-110.306,1
570883,-20.963,-28.821,-116.833,1
570906,-21.406,-24.234,-122.516,1
570929,-21.63,-22.378,-125.836,1
570952,-21.838,-25.033,-125.931,1
570975,-22.253,-32.674,-124.908,1
570998,-23.058,-44.361,-124.862,1
571021,-24.335,-58.041,-126.09,1
571044,-26.049,-71.152,-128.28,1
571067,-28.065,-81.29,-131.208,1
571090,-30.197,-86.755,-134.816,1
571113,-32.263,-86.832,-139.181,1
571136,-34.14,-81.769,-144.469,1
571159,-35.774,-72.54,-150.876,1
571182,-37.17,-60.501,-158.499,1
571205,-38.346,-47.074,-167.144,1
571228,-39.308,-33.536,-176.213,1
571252,-40.029,-20.922,175.149,4
571275,-40.479,-10.005,167.686,4
571298,-40.649,-1.299,161.802,4
571321,-40.576,4.953,157.586,4
571344,-40.337,8.819,154.923,4
571367,-40.025,10.694,153.545,4
571390,-39.715,11.284,153.02,4
571413,-39.447,11.511,152.751,4
571436,-39.212,12.348,152.059,4
571459,-38.965,14.626,150.324,4
571482,-38.642,18.853,147.138,4
571505,-38.178,25.098,142.411,4
571528,-37.525,32.959,136.415,4
571551,-36.659,41.635,129.725,4
571574,-35.581,50.069,123.032,4
571597,-34.315,57.133,116.912,4
571620,-32.907,61.833,111.709,4
571645,-31.416,63.489,107.553,4
571668,-29.916,61.877,104.458,4
571691,-28.483,57.31,102.394,4
571714,-27.182,50.638,101.307,4
571737,-26.061,43.146,101.044,4
571760,-25.128,36.352,101.122,4
571783,-24.356,31.725,100.432,4
571807,-23.681,30.366,97.482,4
571830,-23.015,32.719,91.779,4
571854,-22.264,38.386,84.707,3
571878,-21.349,46.098,77.972,3
571902,-20.227,53.881,72.123,3
571925,-18.908,59.401,66.818,3
571948,-17.462,60.439,61.352,3
571971,-16.014,55.404,54.688,3
571994,-14.729,43.761,44.869,3
572017,-13.779,26.272,27.129,3
572040,-13.308,4.978,-8.085,2
572063,-13.397,-17.105,-50.615,2
572086,-14.044,-36.522,-74.782,2
572109,-15.158,-50.057,-87.043,2
572132,-16.565,-55.395,-94.487,1
572156,-18.037,-51.617,-99.941,1
572179,-19.32,-39.41,-104.805,1
572202,-20.177,-20.919,-110.944,1
572226,-20.437,0.744,131.653,4
572249,-20.037,22.213,71.544,3
572272,-19.042,40.629,65.623,3
572296,-17.621,54.231,60.932,3
572320,-15.992,62.624,56.411,3
572344,-14.35,66.624,51.934,3
572367,-12.815,67.745,47.597,3
572391,-11.41,67.477,43.534,3
572415,-10.089,66.592,39.701,3
572438,-8.776,64.712,35.676,3
572466,-7.425,60.298,30.57,3
572489,-6.068,51.112,22.946,3
572512,-4.839,35.025,10.584,3
572536,-3.964,10.954,-9.236,2
572560,-3.708,-20.388,-35.553,2
572583,-4.304,-56.177,-59.711,2
572606,-5.878,-91.742,-76.412,2
572630,-8.402,-121.411,-87.349,2
572653,-11.679,-139.729,-95.069,1
572676,-15.356,-142.778,-101.237,1
572699,-18.975,-129.22,-107.012,1
572722,-22.047,-100.791,-113.691,1
572745,-24.155,-62.054,-124.394,1
572768,-25.052,-19.471,-156.247,1
572791,-24.73,20.004,115.01,4
572814,-23.428,50.43,86.704,3
572837,-21.559,68.098,76.497,3
572860,-19.591,72.151,69.795,3
572883,-17.92,64.466,63.586,3
572906,-16.776,48.892,56.008,3
572929,-16.2,30.106,43.863,3
572952,-16.079,12.424,19.308,3
572975,-16.225,-1.098,-21.888,2
572998,-16.451,-9.079,-49.924,2
573021,-16.625,-11.717,-58.329,2
573044,-16.695,-10.296,-55.23,2
573067,-16.672,-6.529,-43.388,2
573090,-16.599,-1.946,-25.662,2
573113,-16.517,2.484,-7.973,2
573136,-16.44,6.453,5.788,3
573159,-16.35,10.164,15.912,3
573182,-16.203,14.038,23.595,3
573205,-15.945,18.417,29.344,3
573228,-15.532,23.364,33.218,3
573251,-14.94,28.611,35.305,3
573274,-14.173,33.659,35.843,3
573297,-13.262,37.946,35.128,3
573320,-12.257,41.037,33.44,3
573343,-11.214,42.734,31.028,3
573366,-10.187,43.078,28.113,3
573389,-9.217,42.256,24.865,3
573412,-8.326,40.434,21.356,3
573436,-7.518,37.615,17.494,3
573459,-6.789,33.573,12.988,3
573482,-6.136,27.93,7.392,3
573505,-5.571,20.348,0.247,3
573528,-5.126,10.807,-8.63,2
573551,-4.855,-0.15,-18.763,2
573574,-4.814,-11.308,-28.874,2
573597,-5.05,-20.889,-37.376,2
573620,-5.565,-26.91,-42.995,2
573643,-6.296,-27.71,-44.786,2
573666,-7.107,-22.534,-41.606,2
573689,-7.805,-11.956,-31.96,2
573712,-8.185,2.001,-16.2,2
573736,-8.1,16.154,-0.356,2
573759,-7.527,26.841,8.933,3
573782,-6.594,30.811,10.485,3
573805,-5.565,26.102,5.032,3
573828,-4.765,12.627,-7.267,2
573851,-4.486,-7.713,-25.513,2
573874,-4.911,-31.456,-45.506,2
573897,-6.063,-54.428,-62.191,2
573920,-7.818,-72.8,-74.186,2
573943,-9.948,-84.047,-82.569,2
573966,-12.193,-87.563,-88.651,2
573989,-14.33,-84.755,-93.425,1
574012,-16.221,-78.613,-97.645,1
574035,-17.841,-72.871,-101.903,1
574058,-19.272,-70.974,-106.464,1
574081,-20.684,-75.129,-111.052,1
574104,-22.285,-85.679,-115.189,1
574127,-24.271,-100.945,-118.812,1
574151,-26.762,-117.581,-122.258,1
574174,-29.761,-131.362,-125.955,1
574197,-33.13,-138.194,-130.318,1
574220,-36.605,-135.098,-135.809,1
574243,-39.852,-120.916,-143.042,1
574266,-42.542,-96.574,-152.87,1
574289,-44.432,-64.849,-166.226,1
574312,-45.408,-29.718,176.812,4
574336,-45.492,4.501,158.512,4
574359,-44.819,34.018,142.587,4
574382,-43.587,56.223,130.96,4
574405,-42.01,69.999,123.363,4
574428,-40.284,75.676,118.872,4
574451,-38.557,74.683,116.705,4
574479,-36.931,69.045,116.318,4
574502,-35.459,60.871,117.306,4
574525,-34.162,51.969,119.297,4
574548,-33.039,43.637,121.875,4
574571,-32.077,36.631,124.573,4
574594,-31.258,31.245,126.939,4
574618,-30.557,27.446,128.626,4
574641,-29.946,25.015,129.455,4
574664,-29.394,23.668,129.395,4
574687,-28.872,23.141,128.491,4
574710,-28.353,23.247,126.785,4
574733,-27.817,23.896,124.249,4
574756,-27.247,25.105,120.775,4
574779,-26.631,26.966,116.227,4
574802,-25.961,29.606,110.563,4
574825,-25.228,33.108,103.977,4
574848,-24.424,37.427,96.945,4
574871,-23.538,42.314,90.034,4
574894,-22.557,47.266,83.636,3
574917,-21.474,51.551,77.819,3
574940,-20.289,54.297,72.381,3
574963,-19.025,54.67,66.947,3
574986,-17.734,52.077,61.017,3
575009,-16.499,46.359,53.938,3
575032,-15.417,37.902,44.809,3
575055,-14.582,27.618,32.455,3
575078,-14.054,16.777,15.968,3
575101,-13.842,6.73,-3.436,2
575124,-13.895,-1.417,-21.467,2
575147,-14.123,-7.068,-34.542,2
575170,-14.423,-10.285,-42.41,2
575193,-14.715,-11.74,-46.639,2
575216,-14.966,-12.511,-49.412,2
575239,-15.193,-13.76,-53.123,2
575262,-15.443,-16.395,-59.527,2
575285,-15.78,-20.804,-68.615,2
575309,-16.259,-26.741,-78.671,2
575332,-16.924,-33.39,-87.946,2
575355,-17.788,-39.593,-95.842,1
575378,-18.827,-44.176,-102.617,1
575401,-19.977,-46.289,-108.785,1
575424,-21.143,-45.663,-114.83,1
575447,-22.229,-42.722,-121.118,1
575470,-23.171,-38.522,-127.774,1
575493,-23.961,-34.527,-134.398,1
575516,-24.651,-32.296,-139.819,1
575539,-25.329,-33.146,-142.66,1
575562,-26.097,-37.865,-142.671,1
575585,-27.047,-46.531,-141.031,1
575608,-28.248,-58.452,-139.203,1
575631,-29.743,-72.232,-138.065,1
575654,-31.545,-85.939,-137.949,1
575677,-33.635,-97.376,-138.958,1
575700,-35.956,-104.394,-141.174,1
575723,-38.407,-105.254,-144.752,1
575746,-40.844,-98.944,-149.943,1
575769,-43.088,-85.426,-157.074,1
575792,-44.955,-65.735,-166.422,1
575815,-46.286,-41.887,-177.882,1
575838,-46.984,-16.595,169.459,4
575861,-47.038,7.166,157.295,4
575884,-46.53,26.669,147.276,4
575907,-45.613,39.901,140.285,4
575930,-44.485,45.898,136.537,4
575953,-43.347,44.862,135.992,4
575976,-42.362,38.051,138.542,4
575999,-41.637,27.477,143.833,4
576022,-41.213,15.484,150.899,4
576045,-41.069,4.306,158.094,4
576069,-41.143,-4.299,163.755,4
576092,-41.347,-9.286,166.958,4
576115,-41.595,-10.403,167.602,4
576138,-41.808,-8.112,166.094,4
576161,-41.933,-3.411,163.099,4
576184,-41.935,2.426,159.402,4
576207,-41.803,8.117,155.78,4
576230,-41.549,12.626,152.851,4
576253,-41.2,15.35,150.978,4
576276,-40.802,16.24,150.214,4
576299,-40.397,15.81,150.285,4
576322,-40.017,15.047,150.596,4
576345,-39.664,15.224,150.29,4
576368,-39.302,17.639,148.427,4
576391,-38.862,23.311,144.242,4
576414,-38.254,32.697,137.457,4
576437,-37.389,45.474,128.573,4
576460,-36.193,60.449,118.83,4
576488,-34.631,75.63,109.594,4
576511,-32.713,88.499,101.679,4
576534,-30.509,96.444,95.251,4
576557,-28.148,97.298,90.12,4
576580,-25.819,89.842,86.031,3
576603,-23.744,74.158,82.841,3
576626,-22.143,51.711,80.775,3
576649,-21.189,25.14,82.06,3
576672,-20.965,-2.223,-172.957,1
576695,-21.442,-26.994,-121.459,1
576718,-22.483,-46.383,-121.419,1
576741,-23.882,-58.696,-124.219,1
576764,-25.418,-63.59,-128.328,1
576787,-26.903,-62.018,-133.641,1
576810,-28.215,-55.911,-140.228,1
576833,-29.31,-47.701,-147.88,1
576856,-30.205,-39.794,-155.691,1
576879,-30.965,-34.127,-162.069,1
576903,-31.677,-31.891,-165.602,1
576926,-32.431,-33.432,-165.993,1
576949,-33.299,-38.331,-164.13,1
576972,-34.327,-45.595,-161.395,1
576995,-35.525,-53.886,-158.943,1
577019,-36.878,-61.758,-157.428,1
577042,-38.359,-67.86,-157.128,1
577065,-39.934,-71.109,-158.131,1
577089,-41.563,-70.845,-160.446,1
577112,-43.194,-66.96,-163.998,1
577135,-44.755,-59.982,-168.56,1
577158,-46.162,-51.071,-173.67,1
577181,-47.339,-41.884,-178.626,1
577204,-48.247,-34.29,177.395,4
577227,-48.915,-29.979,175.104,4
577251,-49.448,-30.034,174.885,4
577274,-50.005,-34.598,176.62,4
577297,-50.748,-42.739,179.633,4
577320,-51.791,-52.57,-177.135,1
577343,-53.16,-61.615,-174.722,1
577366,-54.786,-67.332,-173.827,1
577389,-56.52,-67.655,-174.777,1
577412,-58.167,-61.424,-177.65,1
577435,-59.533,-48.601,177.629,4
577458,-60.455,-30.232,171.297,4
577481,-60.839,-8.198,163.809,4
577504,-60.665,15.169,155.852,4
577527,-59.974,37.501,148.205,4
577550,-58.843,56.757,141.513,4
577573,-57.36,71.462,136.143,4
577596,-55.616,80.844,132.198,4
577619,-53.702,84.847,129.624,4
577642,-51.721,84.063,128.299,4
577665,-49.78,79.6,128.07,4
577688,-47.974,72.892,128.725,4
577711,-46.366,65.47,129.95,4
577734,-44.97,58.711,131.305,4
577757,-43.751,53.613,132.291,4
577780,-42.638,50.634,132.505,4
577803,-41.553,49.641,131.791,4
577826,-40.435,49.989,130.296,4
577849,-39.257,50.721,128.404,4
577872,-38.031,50.83,126.61,4
577895,-36.797,49.535,125.391,4
577919,-35.61,46.495,125.111,4
577942,-34.528,41.907,125.962,4
577965,-33.588,36.467,127.859,4
577988,-32.805,31.204,130.311,4
578011,-32.163,27.226,132.375,4
578035,-31.616,25.426,132.897,4
578058,-31.1,26.234,131.036,4
578081,-30.539,29.473,126.723,4
578104,-29.865,34.35,120.71,4
578127,-29.03,39.612,114.149,4
578150,-28.032,43.801,108.04,4
578173,-26.913,45.579,102.986,4
578196,-25.763,44.016,99.338,4
578219,-24.702,38.775,97.532,4
578242,-23.851,30.161,98.678,4
578265,-23.298,19.01,106.321,4
578288,-23.084,6.482,133.134,4
578311,-23.193,-6.181,-174.769,1
578334,-23.566,-17.85,-148.837,1
578357,-24.129,-27.608,-140.825,1
578380,-24.815,-34.751,-138.839,1
578403,-25.579,-38.725,-139.79,1
578426,-26.388,-39.065,-143.073,1
578449,-27.202,-35.405,-149.106,1
578472,-27.96,-27.565,-159.154,1
578500,-28.569,-15.719,-175.288,1
578523,-28.92,-0.561,161.553,4
578546,-28.902,16.607,136.415,4
578569,-28.439,33.95,116.592,4
578592,-27.507,49.357,103.072,4
578615,-26.161,60.865,93.684,4
578638,-24.52,67.129,86.581,3
578661,-22.754,67.81,80.595,3
578684,-21.038,63.736,74.955,3
578707,-19.519,56.76,69.139,3
578730,-18.278,49.301,62.984,3
578753,-17.318,43.678,57.015,3
578776,-16.562,41.403,52.356,3
578799,-15.877,42.649,49.534,3
578822,-15.113,46.069,47.64,3
578845,-14.16,49.06,45.122,3
578868,-12.998,48.456,40.492,3
578891,-11.729,41.473,31.893,3
578914,-10.573,26.655,15.853,3
578937,-9.819,4.533,-12.337,2
578960,-9.739,-22.229,-46.314,2
578983,-10.497,-49.289,-70.255,2
579007,-12.076,-71.588,-84.28,2
579030,-14.263,-84.582,-93.22,1
579053,-16.688,-85.402,-99.781,1
579076,-18.923,-73.615,-105.43,1
579099,-20.586,-51.378,-111.604,1
579122,-21.433,-22.94,-123.526,1
579145,-21.407,6.368,112.292,4
579168,-20.633,31.353,75.86,3
579191,-19.366,48.091,68.041,3
579214,-17.918,54.663,62.252,3
579237,-16.58,51.365,55.861,3
579260,-15.561,40.385,46.906,3
579283,-14.96,25.095,31.826,3
579306,-14.766,9.166,4.777,3
579329,-14.893,-4.249,-29.563,2
579352,-15.213,-13.089,-51.883,2
579375,-15.599,-16.628,-60.924,2
579398,-15.949,-15.387,-61.035,2
579421,-16.193,-10.798,-52.734,2
579444,-16.303,-4.73,-35.17,2
579467,-16.282,0.987,-14.146,2
579490,-16.162,4.958,-0.546,2
579513,-15.991,6.457,3.315,3
579536,-15.824,5.501,-0.305,2
579559,-15.709,2.75,-9.152,2
579582,-15.68,-0.717,-20.286,2
579605,-15.748,-3.7,-29.928,2
579628,-15.895,-5.191,-35.075,2
579651,-16.08,-4.63,-33.959,2
579674,-16.247,-2.052,-25.418,2
579697,-16.332,1.923,-10.58,2
579720,-16.288,6.263,4.289,3
579743,-16.093,9.824,13.242,3
579766,-15.762,11.722,15.632,3
579789,-15.35,11.649,13.035,3
579812,-14.934,10.049,7.45,3
579835,-14.589,8.059,1.628,3
579858,-14.361,7.202,-1.029,2
579881,-14.243,8.883,2.24,3
579904,-14.163,13.822,11.506,3
579927,-14.006,21.606,22.665,3
579951,-13.648,30.512,30.756,3
579974,-13.01,37.737,33.969,3
579997,-12.099,40.001,32.171,3
580020,-11.041,34.425,24.346,3
580043,-10.072,19.422,6.831,3
580066,-9.501,-4.634,-24.627,2
580089,-9.635,-35.224,-58.167,2
580112,-10.692,-68.064,-79.378,2
580135,-12.726,-97.997,-91.829,1
580158,-15.589,-120.179,-100.265,1
580181,-18.962,-131.211,-107.017,1
580204,-22.427,-129.909,-113.303,1
580227,-25.574,-117.474,-119.983,1
580251,-28.096,-97.013,-127.927,1
580274,-29.851,-72.579,-138.217,1
580297,-30.869,-48.026,-152.076,1
580320,-31.307,-26.036,-169.97,1
580343,-31.374,-7.614,170.002,4
580366,-31.249,7.807,151.227,4
580389,-31.021,21.715,135.291,4
580412,-30.669,35.553,121.957,4
580435,-30.085,49.774,110.84,4
580458,-29.133,63.258,101.776,4
580481,-27.727,73.324,94.527,4
580509,-25.901,76.377,88.734,3
580532,-23.854,69.042,84.035,3
580555,-21.93,49.446,80.223,3
580578,-20.561,18.25,78.271,3
580602,-20.148,-20.952,-110.618,1
580625,-20.945,-62.051,-112.506,1
580648,-22.96,-97.608,-116.038,1
580671,-25.929,-120.512,-120.382,1
580694,-29.36,-125.664,-125.996,1
580717,-32.644,-111.236,-134.054,1
580740,-35.196,-79.152,-147.35,1
580763,-36.589,-34.699,-172.174,1
580786,-36.634,14.64,148.843,4
580809,-35.398,60.777,117.237,4
580832,-33.156,96.662,100.349,4
580855,-30.31,117.566,90.955,4
580878,-27.299,121.761,84.974,3
580902,-24.526,110.514,80.683,3
580925,-22.291,87.492,77.267,3
580948,-20.763,57.787,74.233,3
580971,-19.974,26.829,70.918,3
580994,-19.837,-0.59,-44.027,2
581017,-20.194,-21.001,-111.13,1
581040,-20.853,-32.595,-115.123,1
581063,-21.63,-35.223,-119.791,1
581086,-22.361,-30.127,-126.971,1
581109,-22.92,-19.511,-140.964,1
581132,-23.22,-6.043,-175.445,1
581155,-23.214,7.637,130.284,4
581178,-22.902,19.341,102.517,4
581201,-22.324,27.662,90.066,4
581224,-21.556,32.162,82.324,3
581247,-20.693,33.383,75.993,3
581270,-19.829,32.681,69.913,3
581293,-19.028,31.862,64.037,3
581316,-18.311,32.691,59.213,3
581339,-17.635,36.355,56.233,3
581362,-16.905,43.017,54.716,3
581386,-16.004,51.586,53.51,3
581409,-14.837,59.807,51.624,3
581432,-13.394,64.676,48.382,3
581455,-11.781,63.118,43.004,3
581478,-10.217,52.76,33.877,3
581501,-8.991,32.619,17.062,3
581524,-8.39,3.518,-14.343,2
581547,-8.631,-31.868,-52.867,2
581570,-9.811,-69.363,-77.591,2
581593,-11.893,-103.956,-91.022,1
581616,-14.713,-130.65,-99.398,1
581639,-18.021,-145.345,-105.67,1
581662,-21.516,-145.589,-111.352,1
581686,-24.882,-131.08,-117.637,1
581709,-27.809,-103.827,-126.162,1
581732,-30.022,-67.924,-140.309,1
581755,-31.315,-28.915,-167.348,1
581778,-31.6,7.175,152.258,4
581801,-30.951,35.001,123.118,4
581824,-29.611,51.029,108.803,4
581847,-27.95,54.343,102.091,4
581870,-26.373,46.906,100.238,4
581893,-25.21,33.121,103.877,4
581916,-24.626,18.743,116.21,4
581939,-24.581,9.378,134.048,4
581962,-24.846,8.924,136.395,4
581985,-25.077,18.407,119.374,4
582008,-24.913,35.536,100.621,4
582031,-24.095,55.17,88.061,3
582054,-22.555,70.622,79.577,3
582077,-20.466,75.471,72.581,3
582100,-18.223,65.437,64.768,3
582123,-16.352,39.758,50.545,3
582146,-15.372,1.704,-12.936,2
582169,-15.65,-41.98,-85.628,2
582192,-17.277,-82.577,-101.124,1
582215,-20.029,-111.454,-108.952,1
582238,-23.409,-122.148,-115.469,1
582261,-26.763,-111.916,-122.914,1
582284,-29.44,-82.361,-134.258,1
582307,-30.945,-38.99,-158.266,1
582330,-31.052,10.143,148.233,4
582353,-29.829,56.315,106.728,4
582376,-27.589,92.041,89.845,3
582399,-24.781,112.534,81.035,3
582422,-21.879,116.414,74.922,3
582445,-19.272,105.577,69.502,3
582468,-17.213,84.357,63.394,3
582491,-15.795,58.274,54.636,3
582519,-14.981,32.722,39.047,3
582542,-14.644,11.903,10.022,3
582565,-14.617,-1.792,-22.78,2
582588,-14.736,-7.889,-38.213,2
582611,-14.862,-7.524,-37.771,2
582634,-14.902,-2.853,-25.862,2
582658,-14.808,3.627,-8.527,2
582681,-14.578,9.691,5.174,3
582704,-14.241,13.83,11.858,3
582727,-13.851,15.456,12.962,3
582750,-13.465,14.868,10.48,3
582773,-13.132,13.019,6.291,3
582796,-12.877,11.142,2.382,3
582820,-12.692,10.337,0.542,3
582843,-12.545,11.214,1.632,3
582866,-12.378,13.674,5.074,3
582889,-12.131,16.903,9.04,3
582912,-11.759,19.574,11.432,3
582935,-11.255,20.226,10.757,3
582959,-10.667,17.707,6.181,3
582982,-10.103,11.563,-2.689,2
583005,-9.713,2.222,-15.504,2
583028,-9.644,-9.102,-30.56,2
583051,-9.995,-20.779,-45.317,2
583074,-10.778,-31.309,-58.111,2
583097,-11.905,-39.865,-68.761,2
583120,-13.223,-46.607,-77.801,2
583143,-14.571,-52.65,-85.754,2
583166,-15.853,-59.623,-92.823,1
583189,-17.092,-68.955,-98.991,1
583212,-18.43,-81.122,-104.316,1
583235,-20.075,-95.124,-109.079,1
583258,-22.199,-108.42,-113.683,1
583281,-24.84,-117.378,-118.56,1
583304,-27.845,-118.153,-124.233,1
583327,-30.887,-107.723,-131.561,1
583351,-33.538,-84.782,-142.334,1
583375,-35.384,-50.251,-160.656,1
583398,-36.127,-7.256,167.104,4
583421,-35.643,39.373,129.535,4
583444,-33.989,83.948,105.523,4
583468,-31.372,120.886,92.274,4
583491,-28.088,145.571,83.999,3
583514,-24.481,154.991,77.907,3
583537,-20.907,148.047,72.566,3
583560,-17.704,125.569,66.822,3
583584,-15.18,90.078,58.722,3
583607,-13.581,45.393,41.043,3
583630,-13.07,-3.855,-26.016,2
583654,-13.707,-52.74,-82.582,2
583677,-15.444,-96.558,-97.851,1
583700,-18.132,-131.31,-105.526,1
583723,-21.541,-154.121,-111.254,1
583746,-25.375,-163.534,-116.618,1
583770,-29.299,-159.647,-122.413,1
583793,-32.977,-144.036,-129.301,1
583816,-36.124,-119.48,-138.036,1
583839,-38.55,-89.511,-149.487,1
583863,-40.182,-57.854,-164.207,1
583886,-41.058,-27.874,178.747,4
583909,-41.29,-2.115,162.313,4
583932,-41.025,17.972,149.227,4
583955,-40.407,32.079,140.081,4
583978,-39.558,40.883,134.075,4
584001,-38.571,45.735,130.113,4
584024,-37.509,48.267,127.199,4
584047,-36.41,50.001,124.501,4
584070,-35.281,52.024,121.421,4
584093,-34.108,54.795,117.686,4
584116,-32.865,58.094,113.382,4
584139,-31.529,61.147,108.855,4
584162,-30.098,62.876,104.516,4
584185,-28.604,62.227,100.7,4
584208,-27.117,58.507,97.65,4
584231,-25.73,51.633,95.596,4
584254,-24.543,42.23,94.911,4
584277,-23.637,31.541,96.366,4
584300,-23.046,21.152,101.515,4
584323,-22.75,12.618,112.459,4
584346,-22.667,7.07,127.379,4
584370,-22.68,4.921,135.927,4
584393,-22.664,5.761,132.328,4
584416,-22.524,8.462,121.117,4
584439,-22.225,11.472,109.126,4
584462,-21.8,13.2,99.992,4
584486,-21.344,12.388,94.795,4
584509,-20.982,8.36,96.291,4
584537,-20.83,1.105,139.131,4
584560,-20.965,-8.811,-133.978,1
584583,-21.412,-20.441,-125.022,1
584606,-22.142,-32.671,-124.155,1
584629,-23.103,-44.38,-125.075,1
584653,-24.242,-54.52,-126.766,1
584676,-25.521,-62.112,-129.105,1
584699,-26.915,-66.236,-132.271,1
584722,-28.387,-66.047,-136.626,1
584745,-29.864,-60.884,-142.755,1
584768,-31.227,-50.433,-151.597,1
584791,-32.325,-34.922,-164.607,1
584814,-33.005,-15.256,176.718,4
584837,-33.154,6.951,153.522,4
584860,-32.73,29.498,131.553,4
584884,-31.77,49.843,115.195,4
584907,-30.375,65.464,104.171,4
584930,-28.691,74.231,96.806,4
584953,-26.892,74.752,91.867,4
584976,-25.169,66.613,88.796,3
584999,-23.719,50.468,87.943,3
585022,-22.732,27.958,92.887,4
585045,-22.357,1.473,150.892,4
585069,-22.671,-26.218,-131.915,1
585092,-23.669,-52.385,-125.085,1
585115,-25.261,-74.718,-125.139,1
585138,-27.306,-91.605,-127.143,1
585161,-29.636,-102.24,-130.177,1
585185,-32.091,-106.56,-134.017,1
585208,-34.532,-105.044,-138.653,1
585231,-36.846,-98.462,-144.164,1
585254,-38.945,-87.625,-150.691,1
585277,-40.755,-73.228,-158.44,1
585300,-42.219,-55.806,-167.665,1
585323,-43.284,-35.803,-178.579,1
585346,-43.899,-13.718,168.881,4
585369,-44.02,9.73,155.345,4
585392,-43.608,33.476,141.99,4
585415,-42.643,56.109,129.986,4
585438,-41.14,75.982,119.933,4
585461,-39.163,91.46,111.854,4
585484,-36.835,101.219,105.486,4
585507,-34.328,104.531,100.527,4
585530,-31.831,101.445,96.739,4
585553,-29.516,92.81,93.977,4
585576,-27.511,80.127,92.187,4
585599,-25.88,65.257,91.427,4
585622,-24.633,50.075,91.903,4
585645,-23.734,36.144,94.045,4
585668,-23.12,24.499,98.574,4
585692,-22.714,15.582,106.351,4
585715,-22.442,9.336,117.466,4
585738,-22.24,5.412,129.498,4
585761,-22.066,3.424,137.639,4
585784,-21.9,3.16,137.436,4
585807,-21.733,4.678,126.396,4
585830,-21.551,8.257,108.007,4
585853,-21.323,14.201,91.809,4
585876,-20.993,22.572,81.305,3
585899,-20.483,32.935,74.575,3
585922,-19.721,44.213,69.654,3
585945,-18.659,54.727,65.391,3
585968,-17.306,62.434,61.087,3
585991,-15.744,65.328,56.158,3
586014,-14.125,61.896,49.846,3
586037,-12.648,51.512,40.791,3
586060,-11.516,34.668,26.108,3
586083,-10.899,12.96,0.563,3
586106,-10.891,-11.157,-35.04,2
586129,-11.499,-34.799,-63.46,2
586152,-12.651,-55.154,-79.991,2
586175,-14.216,-69.944,-89.999,2
586198,-16.028,-77.752,-96.959,1
586221,-17.908,-78.162,-102.574,1
586244,-19.682,-71.699,-107.844,1
586268,-21.205,-59.619,-113.683,1
586293,-22.372,-43.62,-121.618,1
586316,-23.133,-25.562,-135.973,1
586339,-23.486,-7.244,-173.056,1
586362,-23.463,9.721,126.124,4
586385,-23.111,23.959,99.026,4
586408,-22.485,34.351,87.615,3
586431,-21.648,40.051,80.697,3
586454,-20.689,40.528,75.12,3
586477,-19.731,35.636,69.373,3
586500,-18.921,25.67,61.417,3
586524,-18.404,11.39,41.758,3
586552,-18.298,-6.033,-58.287,2
586575,-18.669,-25.135,-96.469,1
586598,-19.526,-44.327,-106.363,1
586621,-20.829,-62.071,-112.063,1
586644,-22.503,-77.018,-116.553,1
586668,-24.453,-88.096,-120.701,1
586691,-26.575,-94.537,-124.935,1
586714,-28.762,-95.874,-129.591,1
586737,-30.913,-91.919,-135.039,1
586760,-32.925,-82.768,-141.752,1
586783,-34.697,-68.826,-150.365,1
586806,-36.128,-50.828,-161.646,1
586829,-37.121,-29.86,-176.151,1
586852,-37.602,-7.32,166.656,4
586876,-37.533,15.178,149.046,4
586899,-36.921,35.971,133.661,4
586922,-35.826,53.548,121.599,4
586945,-34.352,66.754,112.556,4
586969,-32.628,74.947,105.809,4
586992,-30.788,78.064,100.708,4
587015,-28.955,76.596,96.776,4
587038,-27.228,71.462,93.682,4
587061,-25.68,63.82,91.195,4
587084,-24.352,54.847,89.158,3
587107,-23.256,45.554,87.457,3
587130,-22.378,36.668,85.995,3
587153,-21.681,28.615,84.629,3
587176,-21.122,21.607,83.09,3
587199,-20.662,15.795,80.795,3
587222,-20.27,11.428,76.608,3
587245,-19.93,8.946,69.422,3
587269,-19.632,8.95,61.861,3
587292,-19.351,12.026,58.922,3
587315,-19.044,18.454,59.28,3
587338,-18.638,27.879,59.867,3
587361,-18.045,39.081,59.565,3
587385,-17.189,49.943,58.138,3
587409,-16.039,57.704,55.401,3
587432,-14.645,59.495,50.859,3
587455,-13.157,53.045,43.249,3
587478,-11.814,37.383,29.269,3
587501,-10.907,13.311,1.054,3
587524,-10.705,-16.514,-41.848,2
587547,-11.382,-47.972,-72.208,2
587571,-12.953,-76.282,-87.974,2
587594,-15.257,-97.013,-97.464,1
587617,-17.987,-107.058,-104.447,1
587640,-20.767,-105.3,-110.617,1
587663,-23.246,-92.79,-117.124,1
587686,-25.169,-72.411,-125.354,1
587709,-26.418,-48.113,-137.846,1
587733,-27.009,-23.96,-159.566,1
587756,-27.066,-3.236,166.907,4
587779,-26.763,12.159,137.082,4
587802,-26.278,21.91,120.523,4
587825,-25.742,27.066,112.013,4
587848,-25.212,29.508,106.94,4
587871,-24.675,31.28,102.545,4
587894,-24.065,33.974,97.207,4
587917,-23.311,38.289,90.623,4
587940,-22.365,43.871,83.589,3
587963,-21.235,49.403,76.986,3
587986,-19.983,52.915,71.056,3
588009,-18.714,52.21,65.365,3
588032,-17.563,45.326,58.71,3
588055,-16.676,30.979,47.47,3
588078,-16.204,8.931,11.625,3
588102,-16.287,-19.758,-70.743,2
588125,-17.038,-52.639,-95.771,1
588148,-18.521,-85.991,-104.823,1
588171,-20.721,-115.188,-110.372,1
588194,-23.536,-135.324,-115.05,1
588217,-26.763,-142.047,-120.015,1
588240,-30.102,-132.477,-126.376,1
588263,-33.172,-106.029,-136.07,1
588286,-35.544,-64.899,-153.652,1
588310,-36.822,-14.043,172.338,4
588333,-36.732,39.453,131.178,4
588357,-35.213,87.573,106.645,4
588380,-32.462,122.903,93.761,4
588403,-28.909,140.18,85.776,3
588426,-25.136,137.453,79.863,3
588449,-21.747,116.55,74.652,3
588472,-19.237,82.68,68.956,3
588495,-17.886,43.259,59.814,3
588518,-17.702,6.231,15.664,3
588542,-18.442,-21.675,-92.209,1
588570,-19.685,-36.33,-106.842,1
588593,-20.955,-36.889,-115.043,1
588616,-21.848,-25.651,-125.628,1
588639,-22.124,-7.181,-160.692,1
588662,-21.742,13.034,99.511,4
588685,-20.837,30.024,77.641,3
588708,-19.651,40.482,69.116,3
588731,-18.45,43.344,62.802,3
588754,-17.447,39.729,56.398,3
588777,-16.753,32.293,48.797,3
588800,-16.36,24.269,39.705,3
588823,-16.165,18.463,30.993,3
588846,-16.009,16.51,26.723,3
588869,-15.736,18.538,28.092,3
588892,-15.24,23.309,31.379,3
588915,-14.495,28.719,33.09,3
588938,-13.568,32.488,32.152,3
588961,-12.592,32.804,28.422,3
588984,-11.732,28.777,21.576,3
589007,-11.132,20.573,10.83,3
589030,-10.878,9.277,-4.617,2
589053,-10.971,-3.451,-23.753,2
589076,-11.346,-15.772,-42.362,2
589099,-11.902,-26.007,-56.511,2
589122,-12.545,-32.869,-65.571,2
589145,-13.219,-35.566,-70.511,2
589169,-13.906,-33.857,-72.091,2
589192,-14.588,-28.085,-70.155,2
589215,-15.225,-19.217,-62.792,2
589238,-15.738,-8.841,-44.877,2
589261,-16.035,0.948,-14.579,2
589285,-16.056,7.857,7.725,3
589309,-15.823,9.871,11.657,3
589332,-15.451,5.835,-0.809,2
589355,-15.129,-4.046,-29.509,2
589378,-15.067,-17.97,-59.917,2
589401,-15.422,-32.725,-78.713,2
589424,-16.251,-44.326,-89.563,2
589447,-17.476,-49.016,-96.847,1
589470,-18.891,-44.366,-102.98,1
589493,-20.198,-30.175,-110.479,1
589516,-21.081,-8.86,-136.402,1
589539,-21.286,14.845,90.481,4
589562,-20.719,34.893,75.954,3
589585,-19.496,45.423,68.534,3
589608,-17.953,42.364,59.943,3
589631,-16.569,24.716,41.639,3
589654,-15.841,-4.89,-33.941,2
589677,-16.139,-40.563,-87.338,2
589700,-17.582,-74.398,-101.233,1
589723,-19.996,-98.296,-108.881,1
589746,-22.945,-105.908,-115.448,1
589769,-25.841,-94.171,-123.276,1
589792,-28.086,-64.074,-136.482,1
589815,-29.214,-20.456,-170.921,1
589838,-28.992,29.093,122.734,4
589861,-27.444,75.9,93.067,4
589885,-24.825,112.062,81.165,3
589908,-21.549,132.03,73.886,3
589931,-18.1,133.582,67.775,3
589955,-14.95,118.039,61.144,3
589978,-12.478,89.711,52.112,3
590001,-10.914,54.771,36.896,3
590024,-10.301,19.844,7.841,3
590047,-10.504,-9.365,-31.95,2
590070,-11.261,-29.096,-57.547,2
590093,-12.258,-38.039,-68.686,2
590117,-13.208,-37.234,-71.746,2
590140,-13.916,-29.477,-68.232,2
590163,-14.298,-18.41,-56.538,2
590186,-14.38,-7.553,-36.318,2
590209,-14.263,0.491,-17.012,2
590232,-14.075,4.493,-7.816,2
590255,-13.932,4.654,-7.715,2
590278,-13.904,2.302,-13.01,2
590302,-14.001,-0.644,-19.724,2
590325,-14.18,-2.283,-23.656,2
590348,-14.358,-1.245,-21.257,2
590371,-14.436,2.999,-10.739,2
590394,-14.325,10.084,5.025,3
590417,-13.967,18.939,18.83,3
590440,-13.35,28.14,27.162,3
590463,-12.503,36.316,30.946,3
590486,-11.487,42.501,31.766,3
590510,-10.374,46.35,30.728,3
590534,-9.219,48.176,28.598,3
590558,-8.058,48.818,26.047,3
